COMPANY,SITIO,TIENDA
ISLA17(42),BEACHPALACE,TABAQUERIA
ISLA17(42),BEACHPALACE,JOYERIA
ISLA17(42),*CUN T2 PA,CORONA
ISLA17(42),*CUN T2 PB,CORONA
ISLA17(42),CUN T3 ISLA C11,CORONA
ISLA17(42),CUN T3 ISLA C20,CORONA
ISLA17(42),LE BLANC CANCUN,TABAQUERIA
ISLA17(42),LE BLANC CANCUN,JOYERIA
ISLA17(42),MOON GRAND,MULTI
ISLA17(42),MOON GRAND,PUEBLITO
ISLA17(42),MOON GRAND,JOYERIA
ISLA17(42),MOON GRAND,RECEPTORIA
ISLA17(42),MOON GRAND,AMIANI
ISLA17(42),MOON GRAND,AQUAPARQUE
ISLA17(42),MOON GRAND,PIER27 PERUANO
ISLA17(42),MOON GRAND,PIER27 CARIBEÑO
ISLA17(42),MOON GOLF,PROSHOP
ISLA17(42),MOON SUNRISE,CORAZON
ISLA17(42),MOON SUNRISE,MULTI
ISLA17(42),MOON SUNRISE,JOYERIA
ISLA17(42),MOON SUNRISE,PIER27
ISLA17(42),PLAYACAR PALACE,MULTI
ISLA17(42),SUN PALACE,AMIANI
ISLA17(42),SUN PALACE,TABAQUERIA
ISLA17(42),SUN PALACE,JOYERIA
ISLA17(42),MOON NIZUC,TABAQUERIA
ISLA17(42),MOON NIZUC,PUEBLITO
ISLA17(42),MOON NIZUC,JOYERIA
ISLA17(42),COZUMEL PALACE,PIER27
HSPRO(33),BLUEBAY,AMIANI
HSPRO(33),BLUEBAY,PIER27
HSPRO(33),BLUEBAY,TABAQUERIA
HSPRO(33),BLUEBAY,JOYERIA
HSPRO(33),H10 OCEAN PARADISE,TABAQUERIA
HSPRO(33),H10 OCEAN PARADISE,RECEPTORIA
HSPRO(33),H10 OCEAN PARADISE,JOYERIA
HSPRO(33),H10 RIVIERA,TABAQUERIA
HSPRO(33),HYATT ZILARA SERVIDOR,AMIANI
HSPRO(33),HYATT ZILARA JOY CAJA,JOYERIA
HSPRO(33),PALLADIUM RIV WHITESANDS,TABAQUERIA
HSPRO(33),PALLADIUM RIV PLAYA,PIER27
HSPRO(33),PALLADIUM RIV COLONIAL,AMIANI
HSPRO(33),PALLADIUM JOY COLONIAL,JOYERIA
HSPRO(33),PALLADIUM RIV KANTENAH,TABAQUERIA
HSPRO(33),PALLADIUM RIV KANTENAH,RECEPTORIA
HSPRO(33),PALLADIUM ROYAL,JOYERIA
HSPRO(33),PRINCESS RIVIERA,TABAQUERIA
HSPRO(33),PRINCESS RIVIERA,JOYERIA
HSPRO(33),PRINCESS RIVIERA,PIER27
HSPRO(33),RIU LUPITA,PIER27
HSPRO(33),SANDOS CANCUN,TABAQUERIA
HSPRO(33),SANDOS CARACOL,TABAQUERIA
HSPRO(33),SANDOS CARACOL,JOYERIA
HSPRO(33),SANDOS PLAYACAR,TABAQUERIA
HSPRO(33),SANDOS PLAYACAR,PIER27
HSPRO(33),SANDOS PLAYACAR,JOYERIA
HSPRO(33),THE FIVES SERVIDOR,MULTI
HSPRO(33),THE ROYAL SERVIDOR (HYATT VIVID),MULTI
HSPRO(33),HILTON THE ROYAL,MULTI
HSPRO(33),HILTON THE ROYAL,JOYERIA
HSPRO(33),PRINCESS YUCATAN,MULTI
HSPRO(33),PRINCESS YUCATAN,JOYERIA
HSPRO(33),PRINCESS SUNSET,TABAQUERIA
HSPRO(33),WYNDHAM,PIER27
PTOARENAS,CUN T2,PIER27
PTOARENAS,CUN T3,PIER27
PTOARENAS,H10 PTO MORELOS (OCEAN CORAL & TURQUESA),TABAQUERIA
PTOARENAS,HAVEN HIPOTELS,AMIANI
PTOARENAS,HAVEN HIPOTELS,SUNGLASSCHIC
PTOARENAS,ROYALTON RIV,MULTI
PTOARENAS,ROYALTON RIV,JOYERIA
PTOARENAS,ROYALTON RIV,PIER27
PTOARENAS,ROYALTON SPLASH RIV,MULTI
PTOARENAS,ROYALTON SPLASH RIV,RECEPTORIA
PTOARENAS,ROYALTON SPLASH RIV,JOYERIA
PTOARENAS,ROYALTON SPLASH RIV,CORAZON
PTOARENAS,ROYALTON SPLASH RIV,PIER27
PTOARENAS,HARDROCK HACIENDAS,PIER27
PTOARENAS,HARDROCK HACIENDAS,JOYERIA
PTOARENAS,HARDROCK HACIENDAS,AMIANI
PTOARENAS,HARDROCK HEAVEN,JOYERIA
PTOARENAS,HARDROCK HEAVEN,AMIANI
PTOARENAS,HARDROCK HEAVEN,PIER27
PTOARENAS,UNICO,MULTI
PTOARENAS,UNICO,JOYERIA
PTOARENAS,UNICO,VIVA MEXICO
PTOARENAS,SIRENIS,MULTI
PTOARENAS,SIRENIS,PIER27
PTOARENAS,SIRENIS,CARRETA
PTOARENAS,PALMAR BEACH,PIER27
PTOARENAS,PALMAR BEACH,AMIANI
PTOARENAS,SIRENIS,VIVA MEXICO
PTOARENAS,PARAISO LA BONITA,PIER27
