SITIO,TIENDA,ESTACION
BEACHPALACE,TABAQUERIA,SERVIDOR
BEACHPALACE,TABAQUERIA,CAJA
BEACHPALACE,JOYERIA,CAJA
*CUN T2 PA ,CORONA,SERVIDOR
*CUN T2 PB ,CORONA,SERVIDOR
CUN T3 ISLA C11,CORONA,SERVIDOR
CUN T3 ISLA C20,CORONA,SERVIDOR
LE BLANC CANCUN,TABAQUERIA,SERVIDOR
LE BLANC CANCUN,TABAQUERIA,CAJA
LE BLANC CANCUN,JOYERIA,CAJA
MOON GRAND,MULTI,SERVIDOR
MOON GRAND,MULTI,CAJA
MOON GRAND,PUEBLITO,CAJA
MOON GRAND,PUEBLITO,CAJA
MOON GRAND,JOYERIA,CAJA
MOON GRAND,RECEPTORIA,
MOON GRAND,AMIANI,SERVIDOR
MOON GRAND,AQUAPARQUE,SERVIDOR
MOON GRAND,PIER27 PERUANO,SERVIDOR
MOON GRAND,PIER27 CARIBE„O,SERVIDOR
MOON GOLF,PROSHOP,SERVIDOR
MOON GOLF,PROSHOP,CAJA
MOON SUNRISE,CORAZON,SERVIDOR
MOON SUNRISE,CORAZON,CAJA
MOON SUNRISE,CORAZON,CAJA
MOON SUNRISE,CORAZON,CAJA
MOON SUNRISE,MULTI,SERVIDOR
MOON SUNRISE,MULTI,CAJA
MOON SUNRISE,MULTI,CAJA
MOON SUNRISE,MULTI,CAJA
MOON SUNRISE,JOYERIA,CAJA
MOON SUNRISE,PIER27,SERVIDOR
PLAYACAR PALACE ,MULTI,SERVIDOR
SUN PALACE,AMIANI,SERVIDOR
SUN PALACE,TABAQUERIA,CAJA
SUN PALACE,JOYERIA,CAJA
MOON NIZUC,TABAQUERIA,SERVIDOR
MOON NIZUC,TABAQUERIA,CAJA
MOON NIZUC,TABAQUERIA,CAJA
MOON NIZUC,PUEBLITO,CAJA
MOON NIZUC,JOYERIA,CAJA
COZUMEL PALACE,PIER27,SERVIDOR
BLUEBAY,AMIANI,SERVIDOR
BLUEBAY,PIER27,SERVIDOR
BLUEBAY,TABAQUERIA,SERVIDOR
BLUEBAY,TABAQUERIA,CAJA
BLUEBAY,TABAQUERIA,CAJA
BLUEBAY,JOYERIA,CAJA
H10 OCEAN PARADISE,TABAQUERIA,SERVIDOR
H10 OCEAN PARADISE,TABAQUERIA,CAJA
H10 OCEAN PARADISE,TABAQUERIA,CAJA
H10 OCEAN PARADISE,RECEPTORIA,
H10 OCEAN PARADISE,JOYERIA,CAJA
H10 RIVIERA,TABAQUERIA,SERVIDOR
H10 RIVIERA,TABAQUERIA,CAJA
HYATT ZILARA SERVIDOR,AMIANI,SERVIDOR
HYATT ZILARA JOY CAJA,JOYERIA,CAJA
PALLADIUM RIV WHITESANDS,TABAQUERIA,SERVIDOR
PALLADIUM RIV WHITESANDS,TABAQUERIA,CAJA
PALLADIUM RIV WHITESANDS,TABAQUERIA,CAJA
PALLADIUM RIV PLAYA,PIER27,CAJA
PALLADIUM RIV COLONIAL,AMIANI,CAJA
PALLADIUM JOY COLONIAL,JOYERIA,CAJA
PALLADIUM RIV KANTENAH,TABAQUERIA,CAJA
PALLADIUM RIV KANTENAH,TABAQUERIA,CAJA
PALLADIUM RIV KANTENAH,RECEPTORIA,
PALLADIUM ROYAL,JOYERIA,SERVIDOR
PRINCESS RIVIERA,TABAQUERIA,SERVIDOR
PRINCESS RIVIERA,TABAQUERIA,CAJA
PRINCESS RIVIERA,TABAQUERIA,CAJA
PRINCESS RIVIERA,JOYERIA,CAJA
PRINCESS RIVIERA,PIER27,SERVIDOR
RIU LUPITA,PIER27,SERVIDOR
SANDOS CANCUN,TABAQUERIA,SERVIDOR
SANDOS CARACOL,TABAQUERIA,SERVIDOR
SANDOS CARACOL,TABAQUERIA,
SANDOS CARACOL,TABAQUERIA,CAJA
SANDOS CARACOL,TABAQUERIA,CAJA
SANDOS CARACOL,TABAQUERIA,CAJA
SANDOS CARACOL,JOYERIA,CAJA
SANDOS PLAYACAR,TABAQUERIA,SERVIDOR
SANDOS PLAYACAR,TABAQUERIA,CAJA
SANDOS PLAYACAR,TABAQUERIA,CAJA
SANDOS PLAYACAR,PIER27,CAJA
SANDOS PLAYACAR,JOYERIA,CAJA
THE FIVES SERVIDOR,MULTI,SERVIDOR
THE ROYAL SERVIDOR (hyatt vivid),MULTI,SERVIDOR
Hilton THE ROYAL,MULTI,CAJA
Hilton THE ROYAL,JOYERIA,CAJA
PRINCESS YUCATAN,MULTI,SERVIDOR
PRINCESS YUCATAN,MULTI,CAJA
PRINCESS YUCATAN,MULTI,CAJA
PRINCESS YUCATAN,JOYERIA,CAJA
PRINCESS SUNSET,TABAQUERIA,SERVIDOR
PRINCESS SUNSET,TABAQUERIA,CAJA
PRINCESS SUNSET,TABAQUERIA,CAJA
WYNDHAM,PIER27,CAJA
ROYALTON SPLASH RIV,CORAZON,CAJA
ROYALTON SPLASH RIV,PIER27,SERVIDOR
HARDROCK HACIENDAS,PIER27,SERVIDOR
HARDROCK HACIENDAS,PIER27,CAJA
HARDROCK HACIENDAS,PIER27,CAJA
HARDROCK HACIENDAS,JOYERIA,CAJA
HARDROCK HACIENDAS,AMIANI,SERVIDOR
HARDROCK HEAVEN,JOYERIA,SERVIDOR
HARDROCK HEAVEN,AMIANI,CAJA
HARDROCK HEAVEN,PIER27,SERVIDOR
HARDROCK HEAVEN,PIER27,CAJA
HARDROCK HEAVEN,PIER27,CAJA
UNICO,MULTI,SERVIDOR
UNICO,MULTI,CAJA
UNICO,JOYERIA,CAJA
UNICO,VIVA MEXICO,SERVIDOR
SIRENIS,MULTI,SERVIDOR
SIRENIS,MULTI,CAJA
SIRENIS,PIER27,SERVIDOR
SIRENIS,CARRETA,CAJA
PALMAR BEACH,PIER27,SERVIDOR
PALMAR BEACH,AMIANI,SERVIDOR
PALMAR BEACH,PIER27,SERVIDOR
SIRENIS,VIVA MEXICO,SERVIDOR
SIRENIS,VIVA MEXICO,CAJA
PARAISO LA BONITA,PIER27,SERVIDOR
