RAZON_SOCIAL,TIENDAS,HOSTNAME,NS,MODELO,SO,CPU,HHD SSD NVME,RAM
ISLA17,BEACHPALACE SERVIDOR* ,BEACHSVR,3DDL9N2,DELL OptiPlex 7050 Micro,W10,I5 7500T,SSD 250 GB,16 GB DDR4 SODIMM
ISLA17,BEACHPALACE TAB CAJA,CUNBEACHPTC1,MJ03XGPE,LENOVO M800 Desktop,W10,I5-6400,HDD 500 GB,16 GB DDR3 DIMM 
ISLA17,BEACHPALACE JOY CAJA,JoyBeachPalace,MJ0360BT,LENOVO M83 Desktop,W10,I5-4460,HDD 500 GB,16 GB DDR3 DIMM 
ISLA17,*CUN T2 TDA CORONA PA ,SVRCUNT2PA,YJ01HG4V,LENOVO Neo 50q Gen 4 Desktop (ThinkCentre) - Type 12LM,W11,I5 13420H,NVME 500 GB,16 GB DDR4 SODIMM
ISLA17,*CUN T2 TDA CORONA PB ,SVRCUNT2PB,DCSMHK2,DELL OptiPlex 7050 Micro,W10,I5 7500T,SSD 250 GB,16 GB DDR4 SODIMM
ISLA17,CUN T3 ISLA CORONA C11,SVRCUNT3C11,7V2L8X2,OptiPlex 7060 Micro,W11,I5 8500T,SSD 500 GB,16 GB DDR4 SODIMM
ISLA17,CUN T3 ISLA CORONA C20,SVRCUNT3C20,7TSM8X2,DELL OptiPlex 7060 Micro,W10,i5-8500T,SSD 500 GB,16 GB DDR4 SODIMM
ISLA17,LE BLANC CANCUN SERVIDOR,LEBLANCSVR,YJ01Q7J5,LENOVO Neo 50q Gen 4 ,W11,I5-13420H,NVME 500 GB,16 GB DDR4 SODIMM
ISLA17,LE BLANC CANCUN TAB CAJA,CANLEBLANB01,MJ00HB8V,LENOVO M83 Desktop,W10,I5-4440S,SSD 120 GB,8 GB DDR3 DIMM 
ISLA17,LE BLANC CANCUN JOY CAJA,CUNLEBLANCJC1,MJ01R425,LENOVO M70q Desktop ,W10,I5-4460,HDD 1 TB,8 GB DDR3 DIMM 
ISLA17,MOON GRAND SERVIDOR,MULTIMOONGRANDSVR,MJ0FF9E9,,W11,i5-10400T,NVME 500 GB,16 GB DDR4 SODIMM
ISLA17,MOON GRAND MULTI CAJA,CUNMONGRDMC02,JGHSQP2,DELL OptiPlex 7050 Micro,W10,I5-7500T,SSD 500 GB ,8 GB DDR4 SODIMM
ISLA17,MOON GRAND PUEBLITO CAJA 1 (multi.corazon.c3),MoonGrand_Sipatron,YJ01VNKP,LENOVO Thinkcentre Neo50q 12LM,W11,i5-13420H,NVME 480 GB,16 GB DDR4 SODIMM
ISLA17,MOON GRAND PUEBLITO CAJA 2 (multi.corazon.c4),CUNMONGRDCC2,MJ0KMW7T,LENOVO M70q Gen 3,W11,I5-12400T,NVME 250 GB,16 GB DDR4 SODIMM
ISLA17,MOON GRAND JOY CAJA,JoyMoonGrand, YJ01VPA7,LENOVO Neo 50q Gen 4 Desktop (ThinkCentre) - Type 12LM,W11,I5 13420H,NVME 500 GB,16 GB DDR4 SODIMM
ISLA17,MOON GRAND RECEPTORĂŤA,MOONGRANDRECEP,MJ03VQEP,LENOVO M800 Desktop,W10,I5-6400,HDD 500 GB,8 GB DDR3 DIMM 
ISLA17,MOON GRAND GERENTE,CUNMONGRDGTE,,,,,,
ISLA17,MOON GRAND AMIANI,MGRANDAMIANISVR,YJ01VN0L,LENOVO Neo 50q Gen 4 ,W11,I5 13420H,NVME 500 GB,16 GB DDR4 SODIMM
ISLA17,MOON GRAND AQUA PARK-,SVRAQUAPARK,JBGYP52,DELL OptiPlex 7060 Micro,w11,I5-8500T,SSD 250 GB,16 GB DRR4 SODIMM
ISLA17,MOON GRAND PIER 27 PERUANO*,MGRANDPIER27SVR,MJ0FF9EQ,LENOVO M70q Desktop,W11,I5-10400T,500 GB,16 GB 
ISLA17,MOON GRAND PIER27 RESTAURANTE CARIBEĂ‘O,MOONRESTSVR,MJ0HNY0X,LENOVO M70q Gen 2 Desktop,W11,I5-11400T,NVME 500 GB,16 GB DRR4 SODIMM
ISLA17,MOON PROSHOP,MGOLFSVR,YJ01VP68,LENOVO Neo 50q Gen 4 ,W11,I5 13420H,NVME 500 GB,16 GB DRR4 SODIMM
ISLA17,MOON PROSHOP CAJA,MOONGOLF-CAJA,JGMVQP2,DELL OptiPlex 7050 Micro,W10,I5-7500T,SSD 250 GB,8 GB DRR4 SODIMM
ISLA17,MOON SUNRISE CORAZON SERVIDOR*,SUNCORAZONSVR,YJ01VMM1,LENOVO Neo 50q Gen 4 Desktop,W11,I5-13420H,NVME 500 GB,16 GB DRR4 SODIMM 
ISLA17,MOON SUNRISE CORAZON CAJA,CUNMONSUNCC2,MJ03608Z,LENOVO M83 Desktop ,W10,I5-4460,SSD 120 GB,8 GB DDR3 DIMM 
ISLA17,MOON SUNRISE CORAZON CAJA 3,CUNMONSUNCC3,YJ01YC75,LENOVO Neo 50q Gen 4,W11,I5-13420H,NVME 500 GB,16 GB DRR4 SODIMM 
ISLA17,MOON SUNRISE CORAZON CAJA 4,CUNMONSUNCC4,YJ01YC86,LENOVO Neo 50q Gen 4,W11,I5-13420H,NVME 500 GB,16 GB DRR4 SODIMM 
ISLA17,MOON SUNRISE MULTI SERVIDOR*,SUNARTESVR,HSVZLP2,DELL OptiPlex 7050 Micro,W10,I5-7500T,SSD 250 GB,16 GB DRR4 SODIMM 
ISLA17,MOON SUNRISE MULTI CAJA 1,MPSunriseCj1,MJ003SKJ,LENOVO M83 Desktop ,W10,i5-4440S,SSD 250 GB,16 GB DRR3 DIMM 
ISLA17,MOON SUNRISE MULTI CAJA 2,CUNMONSUNTC2,MJ03XGPH,LENOVO M800 Desktop,W10,I5-6400,SSD 120 GB,16 GB
ISLA17,MOON SUNRISE  MULTI CAJA 3 BORDADORA,CUNMONSUNTC3,MJ03V9L3,LENOVO M800 Desktop,W10,I5-6400,SSD 500 GB,16 GB DRR3 DIMM 
ISLA17,MOON SUNRISE JOY CAJA,RIVMONSUNJC1,MJ015XK4,LENOVO M83 Desktop ,W10,I5-4440S,SSD 120 GB,8 GB DDR DIMM
ISLA17,MOON SUNRISE PIER27 PLAYA*,SUNPLAYASVR,MJ0HNXY4,LENOVO M70q Gen 2 Desktop,W11,I5-11400T,NVME 500 GB,16 GB DRR4 SODIMM 
ISLA17,PLAYACAR PALACE SERVIDOR*,PLAYACARSVR,MJ04LR8Y,LENOVO M800 Desktop,W10,I5-6400,SSD 500 GB,16 GB
ISLA17,SUN PALACE SERVIDOR*,SUNSVR,MJ03VEJ6,LENOVO MJ03VEJ6,W10,I5-6400,SSD 250 GB,16 GB DRR3 DIMM 
ISLA17,SUN PALACE TAB CAJA ,CUNSUNPALTC1,MJ0360A0,LENOVO M83 Desktop,W10,I5-4460,SSD 120 GB ,8 GB DDR3 DIMM 
ISLA17,SUN PALACE JOY CAJA,CUNSUNPALJC1,MJ03VEHT,LENOVO M800 Desktop,W10,I5-6400,SSD 250 GB,16 GB DRR3 DIMM 
ISLA17,MOON NIZUC SERVIDOR*,MOONNIZUCSVR,MJ03VEJU,LENOVO M800 Desktop,W10,I5-6400,SSD 250 GB,16 GB DIMM
ISLA17,MOON NIZUC TAB CAJA 1,POS-MX25-MNIZT01,,,w10,i5-4460,HDD 500 GB,8 GB DDR3 DIMM 
ISLA17,MOON NIZUC TAB CAJA 2,MOONNIZUCCJ2,FP5S5S3,DELL OptiPlex 7000 Micro,W11,I5-12500T,NVME 250 GB,16 GB DRR4 SODIMM 
ISLA17,MOON NIZUC PUEBLITO CAJA,CUNMONNIZVC1,YJ01Q7B0,LENOVO Neo 50q Gen 4,W11,I5-13420H,NVME 500 GB,16 GB DRR4 SODIMM 
ISLA17,MOON NIZUC JOY CAJA,CANMONNIZJC1,QCM1250,DELL D19U MINI,W11,i5-14500T,NVME 500 GB,16 GB SODIMM 
ISLA17,COZUMEL PALACE PIER 27-,SVRCOZPAL,GM5S5S3,DELL OptiPlex 7000 Micro,W11,I5-12500T,NVME 250 GB,16 GB DRR4 SODIMM 
HSPRO,BLUEBAY BOUTIQUE SERVIDOR,BBAYBOUTSVR,YJ01VNDA,LENOVO Neo 50q Gen 4,W11,i5-13420H,NVME 500 GB,16 GB DRR4 SODIMM
HSPRO,BLUEBAY PLAYA SERVIDOR,BBAYPYASVR,MJ0FF9EJ,LENOVO M70q Desktop,W11,i5-10400T,NVME 500 GB,16 GB DRR4 SODIMM
HSPRO,BLUEBAY TABAQUERIA SERVIDOR,BBAYSVR,95T8CM2,DELL OptiPlex 7050 Micro,W10,i5-7500T,SSD 250 GB,16 GB DRR4 SODIMM
HSPRO,BLUEBAY TAB CAJA 1,RIVBLUBAYTC1,MJ04LR7E,LENOVO M800 Desktop,W10,I5-6400,SSD 250 GB,16 GB
HSPRO,BLUEBAY TAB CAJA 2,RIVBLUBAYTC2,MJ02JRRT,LENOVO M83 Desktop,W10,I5-4460,SSD 250 GB,16 GB DRR3 DIMM
HSPRO,BLUEBAY JOY CAJA,BBAYJOYERIA-J01,MJ04LR5U,LENOVO M800 Desktop,W10,I5-6400,SSD 120 GB,8 GB
HSPRO,H10 OCEAN PARADISE SERVIDOR - caja 3,H10PARSVR,YJ01VPD6,LENOVO Neo 50q Gen 4,W11,i5-13420H,NVME 500 GB,16 GB DRR4 SODIMM
HSPRO,H10 OCEAN PARADISE TAB CAJA1,RIVH10OCPTC1,MJ03VEF9,LENOVO M800 Desktop,W10,I5-6400,HDD 500 GB,8 GB DDR 3 DIMM
HSPRO,H10 OCEAN PARADISE TAB CAJA 2,RIVH10OCPTC2,MJ03V9LL,LENOVO M800 Desktop,W10,I5-6400,SSD 500 GB,8 GB DDR 3 DIMM
HSPRO,H10 OCEAN PARADISE RECEPTOR Juan Yanos,,,,,,,
HSPRO,H10 OCEAN PARADISE TAB RECEPTOR - impresora,RIVH10OCPTR,JD6KWW2,DELL OptiPlex 7060 Tower,W10,I5-8400,HDD 1 TB,8 GB DDR 3 DIMM
HSPRO,H10 OCEAN PARADISE JOY CAJA,CAJAJOY,MJ03VEJR,LENOVO M800 Desktop,W10,i5-6400,HDD 500 GB,8 GB DDR 3 DIMM
HSPRO,H10 RIVIERA SERVIDOR (ocean maya),H10RSVR,JBG8JG2,DELL OptiPlex 7060 Micro,W11,i5-8500T,SSD 500 GB,16 GB DRR4 SODIMM
HSPRO,H10 RIVIERA TAB CAJA (ocean maya),RIVH10OCMTC1,MJ03XGQ3,LENOVO M800 Desktop,W10,i5-6400,HDD 500 GB,8 GB DDR 3 DIMM
HSPRO,HYATT ZILARA SERVIDOR,HYTZILSVR,YJ01ZK81,Neo 50q Gen 4,W11,i5-13420H,NVME 500 GB,16 GB SODIM
HSPRO,HYATT ZILARA JOY CAJA,HYATTZILARAJOY,YJ01TQRZ,Neo 50q Gen 4,W11,I3-1215U,NVME 500 GB,16 GB SODIM
HSPRO,PALLADIUM RIVIERA SERVIDOR,SVRPCOLONIA,65SCDZ3,DELL OptiPlex Micro 7010,W11,I5-13500T,NVME 500 GB,24 GB DRR4 SODIMM
HSPRO,PALLADIUM RIV WHITESANDS CAJA1,RIVPALWHSBC1,MJ03XMTE,LENOVO M800 Desktop,W10,I5-6400,HDD 500 GB,8 GB DRR3 DIMM
HSPRO,PALLADIUM RIV WHITESANDS CAJA2,RIVPALWHSBC2,MJ03VEJE,LENOVO M800 Desktop,W10,i5-6400,SSD 120 GB,8 GB DRR3 DIMM
HSPRO,PALLADIUM RIV PLAYA CAJA,RIVPALPYAPC1,MJ03VQEU,LENOVO M800 Desktop,W10,I5-6400,SSD 250 GB,16 GB DRR3 DIMM
HSPRO,PALLADIUM RIV COL AMIANI CAJA,RIVPALCOLBC1,7M5S5S3,DELL OptiPlex 7000 Micro,W10,I5-12500T,SSD 250 GB,16 GB DRR4 SODIMM
HSPRO,PALLADIUM JOY COLONIAL,RIVPALCOLJC1,YJ01VN2N,LENOVO Neo 50q Gen 4,W11,i5-13420H,NVME 500 GB,16 GB DRR4 SODIMM
HSPRO,PALLADIUM RIV KANTENAH CAJA1,RIVPALKANTC1,MJ04LRA5,LENOVO M800 Desktop,W10,I5-6400,SSD 250 GB,8 GB DRR3 DIMM
HSPRO,PALLADIUM RIV KANTENAH CAJA2,RIVPALKANTC2,MJ039676,LENOVO M83 Desktop,W10,I3-4150,SSD 250 GB,8 GB DRR3 DIMM
HSPRO,PALLADIUM RIV KANTENAH RECEPTOR,RIVPALKANRCP,,,W10,I5-7500T,HDD 1 TB,8 GB DRR3 DIMM
HSPRO,PALLADIUM ROYAL JOY SERVIDOR,SVRPROYAL,YJ01TQVZ,LENOVO Neo 50q Gen 4,W11,i3-1215U,NVMe 500 GB,16 GB DRR4 SODIMM
HSPRO,PRINCESS RIVIERA SERVIDOR,PRINRIVSVR,YJ01VMMJ,LENOVO Neo 50q Gen 4,W11,i5-13420H,NVMe 500 GB,16 GB DRR4 SODIMM
HSPRO,PRINCESS RIV CAJA1,RIVPRNRIVMC1,3D7M9N2,DELL OptiPlex 7050 Micro,W10,I5-7500T,HDD 1 TB,8 GB DRR4 SODIMM
HSPRO,PRINCESS RIV CAJA2,RIVPRNRIVMC2,MJ02YE3J,LENOVO M83 Desktop,W10,I5-4460,SSD 120 GB,8 GB DRR3 DIMM
HSPRO,PRINCESS RIV JOY CAJA,RIVPRNRIVJOY,MJ015XJT,LENOVO M83 Desktop,W10,I5-4440S,SSD 120 GB,8 GB DRR3 DIMM
HSPRO,PRINCESS RIV TDA PLAYA SERVIDOR,PRIVPYASVR,MJ0GHWS3,LENOVO M75q Gen 2,W11,RYZEN 5 PRO 4650GE,NVMe 250 GB,8 GB DRR4 SODIMM
HSPRO,RIU LUPITA SERVIDOR,SVRRIULUP,6943JL2,DELL OptiPlex 7050 Micro,W10,i5-7500T,SSD 250 GB,16 GB DRR4 SODIMM
HSPRO,SANDOS CANCUN,SVRSDOSCUN,YJ01ZK1P,Neo 50q Gen 4,W11,i5-13420H,NVMe 500 GB,16 GB DRR4 SODIMM
HSPRO,SANDOS CARACOL SERVIDOR,SVRSDOSCAR,JGH3DP2,DELL OptiPlex 7050 Micro,W10,i5-7500T,SSD 250 GB,16 GB DRR4 SODIMM
HSPRO,SANDOS CARACOL RECEPTOR,SVR,MJ00XLV1,LENOV O M83 Desktop,W10,I5-4440S,HDD 500 GB,8 GB DRR3 DIM
HSPRO,SANDOS CARACOL CAJA 1,RIVSANCARTC1,MJ0360BL,LENOVO M83 Desktop,W10,I5-4460,HDD 500 GB,8 GB DRR3 DIM
HSPRO,SANDOS CARACOL CAJA 2 (Anydesk del servidor),RIVSANCARTC2,MJ03XGP1,LENOVO M800 Desktop,W10,I5-6400,HDD 500 GB,8 GB DRR3 DIM
HSPRO,SANDOS CARACOL CAJA 3,RIVSANCARTC3,MJ01R3XG,LENOVO M83 Desktop,W10,I5-6400,HDD 500 GB,8 GB DRR3 DIM
HSPRO,SANDOS CARACOL JOY,RIVSANCARJC1,1QS56Q2,DELL Vostro 3470,W10,I5-8400,HDD 1 TB,8 GB DRR3 DIM
HSPRO,(NO) SANDOS PLAYACAR,SVRSDOSPCAR,6955JL2,DELL OptiPlex 7050 Micro,W10,i5-7500T,SSD 500 GB,16 GB DRR4 SODIMM
HSPRO,SANDOS PLAYACAR CAJA 1,RIVSANPYCTC1,MJ00YKVK,LENOVO M83 Desktop,W10,I5-4440S,SSD 120 GB,8 GB DRR3 DIM
HSPRO,SANDOS PLAYACAR CAJA 2,RIVSANPYCTC2,MJ01MGT7,LENOVO M83 Desktop,W10,I5-4460,HDD 500 GB,8 GB DRR3 DIM
HSPRO,SANDOS PLAYACAR LOBBY,RIVSANPYCTC3,MJ0431MZ,LENOVO M800 Desktop,W10,I5-6400,HDD 500 GB,8 GB DRR3 DIM
HSPRO,SANDOS PLAYACAR JOY (forti client),RIVSANPYCJC1,MJ003SJY,LENOVO M83 Desktop,W10,I5-4440S,HDD 500 GB,8 GB DRR3 DIM
HSPRO,(NO) THE FIVES SERVIDOR,SVRTHEFIVES,YJ01J6PD,LENOVO Neo 50q Gen 4,W11,i5-13420H,NVMe 500 GB,16 GB DRR4 SODIMM
HSPRO,(NO) Hilton THE ROYAL SERVIDOR (hyatt vivid),THEROYALSVR,MJ03XMTS,LENOVO M800 Desktop,W10,I5-6400,SSD 500 GB,16 GB DIMM
HSPRO,Hilton THE ROYAL CAJA,RIVTHEROYTC2,MJ03VEGP,LENOVO M800 Desktop,W10,I5-6400,HDD 500 GB,8 GB DRR3 DIM
HSPRO,Hilton THE ROYAL JOY,RIVTHEROYJC1,MJ03608G,LENOVO M83 Desktop,W10,I5-4460,SSD 250 GB,16 GB DDR3 DIMM
HSPRO,(NO) PRINCESS YUC SERVIDOR,PRINYUCSVR,MJ0GHWQG,LENOVO M75q Gen 2,W11,RYZEN 5 PRO 4650GE,SSD 250 GB,16 GB DRR4 SODIMM
HSPRO,PRINCESS YUC TAB CAJA 1,RIVPRNYUCBC2,MJ02T07C,LENOVO M83 Desktop,W10,I5-4460,SS 120 GB,12 GB DDR3 DIMM
HSPRO,PRINCESS YUC AMIANI CAJA 2,PRINYUCCJ1,YJ01VNFD,LENOVO Neo 50q Gen 4,W11,i5-13420H,NVMe 500 GB,16 GB DRR4 SODIMM
HSPRO,PRINCESS YUC JOY CAJA,RIVPRNYUCJC1,MJ01HXHQ,LENOVO M83 Desktop,W10,I5-4440S,HDD 500 GB,8 GB DDR3 DIMM
HSPRO,(NO) PRINCESS SUNSET SERVIDOR,PRINSUNSVR,YJ01ZK08,LENOVO Neo 50q Gen 4,W11,i5-13420H,NVMe 500 GB,16 GB DRR4 SODIMM
HSPRO,PRINCESS SUNSET TAB CAJA1,RIVPRNSUNTC1,6915JL2,DELL OptiPlex 7050 Micro,W10,I5-7500T,NVME 500 GB,16 GB DRR4 SODIMM
HSPRO,PRINCESS SUNSET TAB CAJA2,RIVPRNSUNTC2,171F8R2,DELL OptiPlex 3060 Micro,W11,I5-8500T,SSD 250 GB,16 GB DRR4 SODIMM
HSPRO,(NO) WYNDHAM,RIVWYNDHASVR,YJ01M97M,LENOVO Neo 50q Gen 4,W11,i5-13420H,NVMe 500 GB,16 GB DRR4 SODIMM
PTOARENAS,AEROPUERTO TERMINAL 2 SERVIDOR PIER27,SVRASURCUNT2,BDVL0S2,DELL OptiPlex 3060 Micro,W11,I5-8400T,SSD 250 GB,16 GB DRR4 SODIMM
PTOARENAS,AEROPUERTO TERMINAL 3 SERVIDOR PIER27,SVRASURCUNT3,YJ01Q73W,LENOVO Neo 50q Gen 4,W11,i5-13420H,NVME 500 GB,16 GB DRR4 SODIMM
PTOARENAS,H10 PTO MORELOS (ocean coral & turquesa) TAB SERVIDOR,SVRH10PTOM,YJ01Q29G,LENOVO Neo 50q Gen 4,W11,i5-13420H,NVME 500 GB,16 GB DRR4 SODIMM
PTOARENAS,H10 PTO MORELOS TAB CAJA1,H10PTOMCAJA1,YJ01Q1G2,LENOVO Neo 50q Gen 4,W11,i5-13420H,NVME 500 GB,16 GB DRR4 SODIMM
PTOARENAS,H10 PTO MORELOS TAB CAJA2,H10PTOMCAJA2,YJ01Q1D5,LENOVO Neo 50q Gen 4,W11,i5-13420H,NVME 500 GB,16 GB DRR4 SODIMM
PTOARENAS,(NO) HAVEN HIPOTELS Amiani SERVIDOR,SVRHIPOTELS,95L9CM2,DELL OptiPlex 7050 Micro,W10,I5-7500T,SSD 500 GB,16 GB DRR4 SODIMM
PTOARENAS,HAVEN HIPOTELS Amiani Caja,RIVHAVHIPA01,95H8CM2,DELL OptiPlex 7050 Micro,W10,I5-7500T,SSD 250 GB,8 GB DRR4 SODIMM
PTOARENAS,HAVEN HIPOTELS SUNGLASSCHIC,RIVHAVHIPS01,DCQDHK2,DELL OptiPlex 7050 Micro,W10,I5-7500T,SSD 250 GB,16 GB DRR4 SODIMM
PTOARENAS,ROYALTON RIV MUL SERVIDOR,SVRROYALTON,MJ0FF9F3,LENOVO M70q Desktop,W11,I5-10400T,SSD 500 GB,32 GB DRR4 SODIMM
PTOARENAS,ROYALTON RIV MUL CAJA1,ROYSIPATCJ1,YJ01Q1Z2,NEO 50q Gen4,w11,I5-13420H,NVME 512 GB,16 GB DRR4 SODIMM
PTOARENAS,ROYALTON RIV MUL CAJA2,SIPATRONCAJA2,MJ03VEH7,LENOVO M800 Desktop,W10,i5-6400,HDD 500 GB,16 GB DDR3 DIMM
PTOARENAS,ROYALTON RIV MUL CAJA3 PIER27,ROYPIERCJ3,JGHLQP2,DELL OPTIPLEX 7050 MINI,W11,i5-7500T,NVME 480 GB,16 GB SODIMM
PTOARENAS,ROYALTON RIV MUL CAJA 5 PIER27,POS-MX25-RYT01,DRS8ND4,DELL PRO MICRO QCM1250,W11,i5-14500T,NVME 480 GB,16 GB SODIMM
PTOARENAS,ROYALTON RIV MUL CAJA4 AMIANI,RoyAmianiCaja4,MJ03XMTQ,LENOVO M800 Desktop,W10,i5-6400,SSD 120 GB,16 GB DDR3 DIMM
PTOARENAS,ROYALTON RIV JOY CAJA,RIVROYRIVJC1,MJ03VEH4,LENOVO M800 Desktop,W10,i5-6400,SSD 500 GB,24 GB DDR3 DIMM
PTOARENAS,ROYALTON RIV PLAYA PIER27 SERVIDOR,SVRROYPY,YJ01VP9Z,LENOVO Neo 50q Gen 4,W11,I5-13420H,SSD 500 GB,16 GB DDR3 DIMM
PTOARENAS,ROYALTON SPLASH RIV BOARDWALK SERVIDOR,SVRRYTSPL,HM5S5S3,DELL OptiPlex 7000 Micro,W11,I5-12500T,NVME 250 GB,16 GB DRR4 SODIMM
PTOARENAS,ROYALTON SPLASH RIV BOARDWALK CAJA,RIVROYSPLM01,1R5S5S3,DELL OptiPlex 7000 Micro,W11,I5-12500T,NVME 250 GB,16 GB DRR4 SODIMM
PTOARENAS,ROYALTON SPLASH RIV BOARDWALK AMIANI CAJA 3,RIVROYSPLMC3,YJ01YBZ6,LENOVO Neo 50q Gen 4,W11,I5-13420H,NVME 500 GB,16 GB DRR4 SODIMM
PTOARENAS,ROYALTON SPLASH RIVIERA BOARDWALK RECEPTOR,RIVROYSPLR,MJ02T0DG,LENOVO M83 Desktop,W10,i5-4460,SSD 240 GB,16 GB DDR3 DIMM
PTOARENAS,ROYALTON SPLASH RIV JOYERIA,RIVROYSPLJ01,YJ01VMLA,LENOVO Neo 50q Gen 4,W11,I5-13420H,NVME 500 GB,16 GB DRR4 SODIMM
PTOARENAS,*ROYALTON SPLASH RIVIERA EL CORAZON SERVIDOR,SVRRYTSPLCZ,CN5S5S4,DELL OptiPlex 7000 Micro,W11,I5-12500T,NVME 250 GB,16 GB DRR4 SODIMM
PTOARENAS,ROYALTON SPLASH RIVIERA EL CORAZON CJ1,ROYCORAZONCJ1,98DYRT3,DELL OptiPlex 3000 Micro,W11,I5-12500T,NVME 250 GB,8 GB SODIMM
PTOARENAS,*ROYALTON SPLASH RIVIERA PIER 27 SERVIDOR,SVRRYTSPL27,2Q5S5S3,DELL OptiPlex 7000 Micro,w11,I5-12500T,NVME 500 GB,16 GB RAM
PTOARENAS,HARDROCK HACIENDAS PIER27 SERVIDORx,RHPSVR,MJ0FF9F2,LENOVO M70q Desktop,W11,I5-10400T,NVME 250 GB,16 GB DRR4 SODIMM
PTOARENAS,HARDROCK HACIENDAS PIER27 CAJA 1x,RIVHRDHDATC1,DCNMHK2,DELL OptiPlex 7050 Micro,W10,I5-7500T,SSD 500 GB,16 GB DRR4 SODIMM
PTOARENAS,HARDROCK HACIENDAS PIER27 CAJA 2x,RIVHRDHDATC2,7TYK8X2,DELL OptiPlex 7060 Micro,W11,I5-8500T,SSD 500 GB,16 GB DRR4 SODIMM
PTOARENAS,HARDROCK HACIENDAS MARINI,RIVHRDHDAJC1,MJ0HNWV8,LENOVO M70q Gen 2,W11,I5-11400T,SSD 500 GB,16 GB DRR4 SODIMM
PTOARENAS,*HARDROCK HACIENDAS AMIANI SERVIDOR,RHASVR,MJ0FF9EL,LENOVO M70q Desktop,W11,I5-10400T,NVME 500 GB,16 GB DRR4 SODIMM
PTOARENAS,HARDROCK HEAVEN JOYERIA SERVIDOR,RRASVR,MJ03VEGL,LENOVO M800 Desktop,W10,I5-6400,HDD 500 GB,8 GB DIMM
PTOARENAS,HARDROCK HEAVEN AMIANI CAJA,RIVHARDHEAAC1,67DPRT3,DELL OptiPlex 3000 Micro,W11,I5-12500T,NVME 250 GB,16 GB DRR4 SODIMM
PTOARENAS,HARDROCK HEAVEN PIER27 SERVIDOR,RRPSVR,4J20GT3,LENOVO OptiPlex 3000 Micro,W11,I5-12500T,NVME 500 GB,16 GB DRR4 SODIMM
PTOARENAS,HARDROCK HEAVEN PIER27 CAJA 1,RIVHRDHEAPC1,FF20GT3,DELL OptiPlex 3000 Micro,W11,I5-12500T,NVME 250 GB,16 GB DRR4 SODIMM
PTOARENAS,HARDROCK HEAVEN PIER27 CAJA 2,RIVHRDHEAPC2,JQZXRT3,DELL OptiPlex 3000 Micro,W11,I5-12500T,NVME 250 GB,16 GB DRR4 SODIMM
PTOARENAS,UNICO SERVIDOR,UNICOSVR,MJ0FF9H1,LENOVO M70q Desktop,W11,I5-10400T,SSD 250 GB,16 GB DRR4 SODIMM
PTOARENAS,UNICO CAJA 1,RIVUNICOMC1,MJ03VEJ7,LENOVO M800 Desktop,W10,I5-6400,SSD 120 GB,8 GB DIMM
PTOARENAS,UNICO JOY,JOYUNICO,1T856Q2,DELL Vostro 3470,W10,I5-8400,HDD 1 TB,8 GB DIMM
PTOARENAS,UNICO PIER27 VIVA MEXICO SERVIDOR,RIVUNIVMEPSVR,YJ01J6Q5,LENOVO Neo 50q Gen 4,W11,i5-13420H,NVME 500 GB,16 GB DRR4 SODIMM
PTOARENAS,SIRENIS MULTI SERVIDOR,RIVSIRENIMSVR,YJ01HF9S,LENOVO Neo 50q Gen 4,W11,i5-13420H,NVME 500 GB,16 GB DRR4 SODIMM
PTOARENAS,SIRENIS MULTI CAJA,RIVSIRENIMC01,YJ01J6MK,LENOVO Neo 50q Gen 4,W11,i5-13420H,NVME 500 GB,16 GB DRR4 SODIMM
PTOARENAS,*SIRENIS TDA DE PLAYA SERVIDOR,RIVSIRENIPSVR,YJ01HFFV,LENOVO Neo 50q Gen 3,W10,i5-13420H,NVME 500 GB,16 GB DRR4 SODIMM
PTOARENAS,SIRENIS CARRETA,RIVSIRENIPC02,YJ01MADE,LENOVO Neo 50q Gen 4,,i5-13420H,NVME 500 GB,16 GB DRR4 SODIMM
PTOARENAS,*PALMAR BEACH PIER27,RIVPALBEAPSVR,5PJ7Z24,DELL OptiPlex Micro 7010,W11,I5-12500T,NVME 500 GB,16 GB DRR4 SODIMM
PTOARENAS,PALMAR BEACH AMIANI,RIVPALBEAASVR,6XM7Z24,DELL OptiPlex Micro 7010,W11,I5-12500T,NVME 500 GB,16 GB DRR4 SODIMM
PTOARENAS,PALMAR BEACH ALBERCA,RIVPALBEAESVR,,,,,,
PTOARENAS,SIRENIS VIVA MEXICO SERVIDOR,RIVSIRENIVSVR,YJ01HF8T,LENOVO Neo 50q Gen 4,W11,i5-13420H,NVME 500 GB,16 GB DRR4 SODIMM
PTOARENAS,SIRENIS VIVA MEXICO CAJA,RIVSIRENIVC01,YJ01PALW,LENOVO Neo 50q Gen 4,W11,i5-13420H,NVME 500 GB,16 GB DRR4 SODIMM
PTOARENAS,PARAISO LA BONITA,SVR-MX25-PLB01,YJ01ZKFG,LENOVO Neo 50q Gen 4,W11,i5-13420H,NVME 500 GB,16 GB DRR4 SODIMM
PTOHS,HYATT ZIVA CANCUN MULTI SERVIDOR,SVRHYATTCUN,6ZT0CM2,DELL OptiPlex 7050 Micro,W10,I5-7500T,SSD 500 GB,16 GB DRR4 SODIMM
PTOHS,HYATT ZIVA CANCUN MULTI CAJA,CUNHYTZIVTC1,MJ03608P,LENOVO M83 Desktop,W10,i5-4460,SSD 500 GB,16 GB DRR3 DIMM
PTOHS,HYATT ZIVA CANCUN JOY CAJA (forti),DSK-MX25-HYNJ1,YJ01VMMZ,LENOVO Neo 50q Gen 4,W11,i5-13420H,NVME 500 GB,16 GB DRR4 SODIMM
PTOHS,HYATT CANCUN PIER 27,SVRHYP,3N9VHK2,DELL OptiPlex 7050 Micro,W10,I5-7500T,SSD 500 GB,
PTOHS,PALLADIUM CM PIER 27 SERVIDOR,SVRPCOSMUJERES,JPMPK44,DELL OptiPlex Micro 7010,W11,I5-12500T,NVME 500 GB,32 GB DRR4 SODIMM
PTOHS,PALLADIUM CM PIER27 HOLBIE (alberca nińos) CAJA,P-PIER27HOLBIE,HR00MP2,DELL OptiPlex 7050 Micro,W10,I5-7500T,HDD 1 TB,8 GB SODIMM
PTOHS,PALLADIUM CM AMIANI ALBERCA ADULTOS CAJA,P-AMIANIALBERCA,HVPXLP2,DELL OptiPlex 7050 Micro,W10,I5-7500T,HDD 1 TB,8 GB SODIMM
PTOHS,PALLADIUM CM AMIANI LOBBY TRS CAJA,CUNPALLADATRS,HT9YLP2,DELL OptiPlex 7050 Micro,W10,I5-7500T,HDD 1 TB,8 GB SODIMM
PTOHS,PALLADIUM CM BOARWALK CAJA 1,PBOARWALK-C1,MJ009K5S,LENOVO M83 Desktop,W10,I5-4440S,SSD 250 GB,16 GB DRR3 DIMM
PTOHS,PALLADIUM CM BOARWALK CAJA 2,PBOARWALK-C2,HVS1HP2,DELL OptiPlex 7050 Micro,W10,I5-7500T,SSD 250 GB,16 GB SODIMM
PTOHS,PALLADIUM CM BOARWALK CAJA 3,PBOARWALK-C3,HQX2MP2,DELL OptiPlex 7050 Micro,W10,I5-7500T,SSD 250 GB,16 GB SODIMM
PTOHS,PALLADIUM CM JOY CAJA,PalCosMujJoy,JGHTQP2,DELL OptiPlex 7050 Micro,W10,I5-7500T,HDD 1 TB,8 GB SODIMM
PTOHS,PLANET HWD CM ALBERCA ADULTOS AMIANI SERVIDOR,SVRPHCMAA,YJ01V6D7,LENOVO Neo 50q Gen 4,W11,I3-1215U,NVME 500 GB,16 GB DRR4 SODIMM
PTOHS,PLANET HWD CM ALBERCA NIŃOS PIER 27 SERVIDOR,SVRPHCMAP,MJ02JX0E,LENOVO M83 Desktop,W10,I5-4460,SSD 250 GB,16 GB DRR3 DIMM
PTOHS,PLANET HWD CM BOARDWALK SERVIDOR,SVRPHCM,MJ03608C,LENOVO M83 Desktop,W10,I5-4460,SSD 250 GB,16 GB DRR3 DIMM
PTOHS,PLANET HWD CM BOARDWALK CAJA,CCMPNTHWDM01,MJ02N08T,LENOVO M83 Desktop,W10,I5-4460,SSD 250 GB,16 GB DRR3 DIMM
PTOHS,PLANET HWD CM JOY CAJA,CCMPNYHWDJC1,MJ01MGS3,LENOVO M83 Desktop,W10,I5-4460,HDD 500 GB,8 GB DDR 3 DIMM
PTOHS,RIU DUNAMAR SERVIDOR,RDMSVR,MJ046K1F,LENOVO M700 Desktop,W10,I5-6400,SSD 250 GB,16 GB DDR3 DIMM
PTOHS,RIU DUNAMAR TAB CAJA,RIU-DUNAMAR-CAJA,HV1LJK2,DELL OptiPlex 7050,W10,I5-7500,SSD 250 GB,16 GB DIMM
PTOHS,RIU DUNAMAR JOY CAJA,RiuDunamar-Joy,HV14PD2,DELL OptiPlex 7050,W10,I5-7500,SSD 500 GB,16 GB DIMM
PTOHS,RIU PALACE COSTA MUJERES,SVRRIUPALACE,MJ03XGQ4,LENOVO M800 Desktop,W11,I5-6400,SSD 250 GB,16 GB DDR3 DIMM
PTOHS,RIU PALACE TAB CAJA 1,CCMRIUPALMC1,JBF5Z72,Dell optiplex 7050,W11,i5-8500T,SSD 250 GB,16 GB DDR4 SODIMM
PTOHS,RIU PALACE TAB CAJA 2,CCMRIUPALMC2,JBF5Z72,DELL OptiPlex 7060,W11,i5-8500T,SSD 250 GB,16 GB SODIMM
PTOHS,RIU PALACE JOY CAJA,CCMRIUPALJC1,JBHG8C2,DELL OptiPlex 7060,W11,i5-8500T,SSD 250 GB,16 GB SODIMM
PTOHS,RIU PENINSULA TAB SERVIDOR,RPCSVR,MJ04LR62,LENOVO M800 Desktop,W10,I5-6400,SSD 250 GB,16 GB SODIM
PTOHS,RIU PENINSULA JOY CAJA,JOY-RIUPENINSULA,HV1BD92,DELL OptiPlex 7050,W10,I5-7500,HDD 1 TB,8 GB SODIMM
PTOHS,ROYALTON CANCUN TAB SERVIDOR,SVRROYALTONCUN,JBH37J2,DELL OptiPlex 7060 Micro,W11,I5-8500T,SSD 250 GB,16 GB DDR4 SODIMM
PTOHS,ROYALTON CANCUN TAB CAJA 1,RYC-CAJA2,MJ01T1Q7,LENOVO M83 Desktop,W10,I5-4460,HDD 1 TB,8 GB DDR3 DIMM
PTOHS,ROYALTON CANCUN JOY CAJA (forti),CUNROYLTNJC1,JBH1C62,DELL OptiPlex 7060,W10,I5-8500T,HDD 500 GB,8 GB SODIMM
PTOHS,EMPORIO SERVIDOR,SVREMP,MJ0HNWTB,LENOVO M70q Gen 2,W11,I5-11400T,NVME 500 GB,8 GB DDR4 SODIMM
PTOHS,RIU LATINO SERVIDOR,SVRRLO,MJ0HNWZ9,LENOVO M70q Gen 2,W11,I5-11400T,NVME 500 GB,16 GB DDR4 SODIMM
PTOHS,RIU LATINO CAJA,CCMRIULATPC2,MJ0HNX7Y,LENOVO M70q Gen 2,W10,I5-11400T,SSD 500 GB,16 GB DDR4 SODIMM
PTOHS,RIU LATINO JOY (forti),CCMRIULATJC1,7FTCXP3,DELL OptiPlex 7090,W10,I5-10500T,NVME 250 GB,16 GB DDR4 SODIMM
PTOHS,RENAISSANCE,SVRREN,MJ0HNX9B,LENOVO M70q Gen 2,W11,I5-11400T,NVME 500 GB,16 GB DDR4 SODIMM
PTOHS,RIU KUKULKAN SERVIDOR,SVRRKN,MJ0HNWY7,LENOVO M70q Gen 2,W11,I5-11400T,NVME 500 GB,16 GB DDR4 SODIMM
PTOHS,HARDROCK CANCUN PIER27 SERVIDOR,SVRRHC,MJ0K9RW3,LENOVO M70s Gen 3,W11,I5-12400,NVME 250 GB,16 GB DIMM
PTOHS,HARDROCK CANCUN PIER27 CAJA 1,CUNHRDRCKPC1,BM50GT3,DELL OptiPlex 3000 Micro,W11,I5-12500T,NVME 250 GB,16 GB SODIMM
PTOHS,HARDROCK CANCUN PIER27 CAJA 2,CUNHRDRCKPC2,BD20GT3,DELL OptiPlex 3000 Micro,W11,I5-12500T,NVME 250 GB,16 GB SODIMM
PTOHS,HARDROCK CANCUN JOYERIA (MARINI),CUNHRDRCKSC1,98ZZFT3,DELL OptiPlex 3000 Micro,W11,I5-12500T,NVME 250 GB,16 GB SODIMM
PTOHS,HARDROCK CANCUN TDA DE PLAYA,CUNHRDRCKPC3,JBFMJK2,DELL OptiPlex 7060 Micro,W11,I5-8500T,NVME 500 GB,8 GB SODIMM
PTOHS,HILTON CANCUN MULTI,CUNHILTONMSVR,MJ0KS65E,LENOVO M70q Gen 3,W11,I5-12400T,NVME 250 GB,16 GB DDR4 SODIMM
PTOHS,AVA AMIANI SERVIDOR,CUNAVAASVR,YJ01HFJ9,LENOVO Neo 50q Gen 4,W11,i5-13420H,NVME 500 GB,16 GB DDR4 SODIMM
PTOHS,AVA CORAZÓN SERVIDOR,CUNAVACSVR,YJ01HFD2,LENOVO Neo 50q Gen 4,W11,i5-13420H,NVME 500 GB,16 GB DDR4 SODIMM
PTOHS,AVA CORAZON CAJA 1,CUNAVACC02,YJ01HFH5,LENOVO Neo 50q Gen 4,W11,i5-13420H,NVME 500 GB,16 GB SODIMM
PTOHS,AVA MARINI SERVIDOR,CUNAVAJSVR,MJ0LKF3R,LENOVO M70q Gen 4,W11,I5-13400T,NVME 500 GB,16 GB DDR4 SODIMM
PTOHS,HILARIO RASCON,HRASCON,,,,,,
PTOHS,AVA PIER27 EMBARCADERO SERVIDOR,CUNAVAPESVR,MJ0LKF53,LENOVO M70q Gen 4,W11,I5-13400T,NVME 500 GB,16 GB DDR4 SODIMM
PTOHS,AVA PIER27 EMBARCADERO CAJA1,CUNAVAPEC01,MJ0LKF3X,LENOVO M70q Gen 4,W11,I5-13400T,NVME 500 GB,16 GB DDR4 SODIMM
PTOHS,AVA PIER27 EMBARCADERO CAJA2,CUNAVAPEC02,MJ0LKF3W,LENOVO M70q Gen 4,w11,I5-13400T,NVME 500 GB,16 GB DDR4 SODIMM
PTOHS,AVA FINI SUNGLASS SERVIDOR,CUNAVAFSVR,YJ01MAH6,LENOVO Neo 50q Gen 4,W11,i5-13420H,NVME 500 GB,16 GB DDR4 SODIMM
PTOHS,AVA FINI SUNGLASS CAJA 1,CUNAVAFJ01,YJ01MAKW,LENOVO Neo 50q Gen 4,w11,i5-13420H,NVME 500 GB,16 GB DDR4 SODIMM
PTOHS,AVA PIER27 ALBERCA,CUNAVAPASVR,YJ01M9SP,LENOVO Neo 50q Gen 4,W11,i5-13420H,NVME 500 GB,16 GB DDR4 SODIMM
PTOHS,AVA VIVA MÉXICO SERVIDOR,CUNAVAPVSVR,YJ01MA23,LENOVO Neo 50q Gen 4,W11,i5-13420H,NVME 500 GB,16 GB DDR4 SODIMM
PTOHS,AVA VIVA MÉXICO CAJA 1,CUNAVAPVC01,YJ01M9WH,LENOVO Neo 50q Gen 4,W11,i5-13420H,NVME 500 GB,16 GB DDR4 SODIMM
PTOHS,AVA PIER27-AMIANI (MULTI) SERVIDOR,CUNAVAMSVR,YJ01MA6N,LENOVO Neo 50q Gen 4,W11,i5-13420H,NVME 500 GB,16 GB DDR4 SODIMM
PTOHS,AVA PIER27-AMIANI CAJA 1,CUNAVAMBC1,MJ0LKF21,LENOVO M70q Gen 4,W11,I5-13400T,NVME 500 GB,16 GB DDR4 SODIMM
PTOHS,AVA PIER27 SPLASH(AQUAPARQUE),CUNAVAPSSVR,YJ01MAFK,LENOVO Neo 50q Gen 4,W11,i5-13420H,NVME 500 GB,16 GB DDR4 SODIMM
PTOHS,AVA BODEGA,CUNAVABOD,YJ01Q7A2,LENOVO Neo 50q Gen 4,W11,i5-13420H,NVME 500 GB,16 GB DDR4 SODIMM
PTOHS,BAZAR TABAQUERIA CORPORATIVO(TABLET),SVR-MX25-BZR01,61855305053,Surface Pro 7+,w11,i5-1135g7,NVME 250 GB,16 gb
PTOHS,H10 COSTA MUJERES SERVIDOR (H10 OCEAN AZURE),SVR-MX25-H1C01,YJ01ZK97,LENOVO Neo 50q Gen 4,W11,i5-13420H,NVME 512 GB,16 GB DDR4 3200MHZ SODIMM
PTOHS,H10 COSTA MUJERES CAJA,DSK-MX25-H1C02,YJ01VMRA,LENOVO Neo 50q Gen 4,W11,i5-13420H,NVME 512 GB,16 GB DDR4 3200MHZ SODIMM
PTOHS,RIU VENTURA MULTI SERVIDOR,SVR-MX25-RVM,YJ026Q2N,LENOVO Neo 50q Gen 4,W11,i5-13420H,NVME 512 GB,16 GB DDR4 3200MHZ SODIMM
PTOHS,RIU VENTURA MULTI CAJA 1,POS-MX25-RVM01,YJ026Q0Z,LENOVO Neo 50q Gen 4,W11,i5-13420H,NVME 512 GB,16 GB DDR4 3200MHZ SODIMM
PTOHS,ROYAL SOLARIS MULTI SERVIDOR,SVR-MX25-RSC01,DFP8ND4,DELL Pro Micro QCM1250,W11,i5-14500T,NVME 512 GB,16 GB DDR5 SODIMM
PTOHS,GR SOLARIS CANCÚN MULTI SERVIDOR,SVR-MX25-GSN01,CQS8ND4,DELL Pro Micro QCM1250,W11,i5-14500T,NVME 512 GB,16 GB DDR5 SODIMM
PTOHS,GR SOLARIS CARIBE,SVR-MX25-GSC01,JRS8ND4,DELL Pro Micro QCM1250,W11,i5-14500T,NVME 512 GB,16 GB DDR5 SODIMM
PTOHS,GRAND HYATT PUERTO CANCUN SERVIDOR,SVR-MX26-GHP,,LENOVO Neo 50q Gen 5,W11,i5 210H,NVME 512 GB,16 GB DDR5 SODIMM
PTO85,HYATT CABOS SERVIDOR,SVRHYTTCBOS,3DJH9N2,DELL OptiPlex 7050 Micro,W10,I5-7500T,SSD 500 GB,16 GB SODIMM
PTO85,HYATT CABOS TAB CAJA,CABHYTZIVM01,3DCG9N2,DELL OptiPlex 7050 Micro,W11,I5-7500T,SSD 500 GB,16 GB SODIMM
PTO85,HYATT CABOS PIER 27 PLAYA,CABHYATTCPC1,3D7G9N2,DELL OptiPlex 7050 Micro,W10,I5-7500T,SSD 250 GB,12 GB SODIMM
PTO85,HYATT CABOS TAB CAJA 2 (ANTES JOYERÍA),CABHYATTCJC1,MJ03XGPX,LENOVO M800,W10,I5-6400,SSD 120 GB,16 GB DIMM
PTO85,JW MARRIOT LOS CABOS,SVRJWMCBOS,YJ01PAPF,LENOVO Neo 50q Gen 4,W11,I5-13420H,NVME 500 GB,16 GB SODIMM
PTO85,LE BLANC CABOS SERVIDOR,SVRLEBLANCCAB,3NDWHK2,DELL OptiPlex 7050 Micro,W10,I5-7500T,SSD 500 GB,16 GB SODIMM
PTO85,LE BLANC CABOS TAB CAJA PIER27,CABLEBLANEC01,MJ05H4H1,LENOVO M710q,W10,I3-7100T,SSD 250 GB,12 GB SODIMM
PTO85,LE BLANC CABOS JOY CAJA (fini-amiani),CABLEBLANJ01,MJ05M20V,LENOVO M710q,W10,I3-7100T,SSD 250 GB,12 GB SODIMM
PTO85,LE BLANC CABOS TAB RECEPT,CABLEBLANRCP,,,,,,
PTO85,PALLADIUM VALLARTA pier27 SERVIDOR,SVRPVALLARTA,YJ01VN75,LENOVO Neo 50q Gen 4,W11,I5-13420H,NVME 500 GB,16 GB SODIMM
PTO85,PALLADIUM VALLARTA pier27 CAJA,PALLVALLPC01,8D3C0Q2,DELL OptiPlex 7050 Micro,w10,i5-7500T,SSD 500 GB,8 GB SODIMM
PTO85,RIU MAZATLAN,SVRRIUMAZ,MJ0FQCKZ,LENOVO M70q,W10,I5-10500T,SSD 500 GB,16 GB SODIMM
PTO85,LAPTOP DE TIENDA,,,,,,,
PTO85,AEROPUERTO T2 CABOS CORONASHOP,SVRSJDT2SC,MJ0FF9F1,LENOVO M70q,W11,I5-10400T,NVME 500 GB,16 GB SODIMM
PTO85,HARDROCK VALLARTA PIER27 SERVIDOR,SVRHVP,MJ0KMW87,LENOVO M70q Gen 3,W11,I5-12400T,SSD 250 GB,16 GB SODIMM
PTO85,HARDROCK VALLARTA PIER27 CAJA 1,HRVCAJA1,MJ0KMW89,LENOVO M70q Gen 3,W11,I5-12400T,SSD 250 GB,16 GB SODIMM
PTO85,HARDROCK CABOS ALMACEN,CABHRDRCKALM,MJ0KMW84,LENOVO M70q Gen 3,W11,I5-12400T,SSD 250 GB,16 GB SODIMM
PTO85,HARDROCK CABOS PIER27 PLAYA SERVIDOR,CABHRDRCKISVR,MJ0KMGZD,LENOVO M70q Gen 3,W11,I5-12400T,NVME 250 GB,16 GB SODIMM
PTO85,HARDROCK CABOS VIVA MEXICO SERVIDOR,CABHRDRCKESVR,MJ0KMGXQ,LENOVO M70q Gen 3,W11,I5-12400T,NVME 250 GB,16 GB SODIMM
PTO85,HARDROCK CABOS JOYERIA SERVIDOR,CABHRDRCKJSVR,MJ0KMGX4,LENOVO M70q Gen 3,W11,I5-12400T,SSD 250 GB,16 GB SODIMM
PTO85,HARDROCK CABOS MULTI SERVIDOR,CABHRDRCKMSVR,MJ0KMGWJ,LENOVO M70q Gen 3,W11,I5-12400T,NVME 250 GB,16 GB SODIMM
PTO85,HARDROCK CABOS MULTI CAJA,CABHRDRCKMC02,MJ0KMGZ0,LENOVO M70q Gen 3,W11,I5-12400T,NVME 250 GB,16 GB SODIMM
PTO85,SANDOS FINISTERRA SERVIDOR,CABSANFINMSVR,YJ01HFXC,LENOVO Neo 50q Gen 4,W11,I5-13420H,NVME 500 GB,16 GB SODIMM
PTO85,Angélica Sandoval,,,,,,,
PTO85,Adanelida Flores,GTE-AFLORESLEN,,,,,,
PTO85,ALMACEN CABOS,CABALM01,YJ01PANL,LENOVO Neo 50q Gen 4,W11,I5-13420H,NVME 500 GB,16 GB SODIMM
PTO85,ALMACEN CABOS,CABALM02,YJ01PAPB,LENOVO Neo 50q Gen 4,W11,I5-13420H,NVME 500 GB,16 GB SODIMM
PTO85,Salvador Rodriguez,ALM-SRODRIGUEZ,,,,,,
PTO85,UNICO VALLARTA MULTI SERVIDOR,SVR-MX25-UVM01,YJ01VN2F,LENOVO Neo 50q Gen 4,W11,I5-13420H,NVME 500 GB,16 GB SODIMM
PTO85,PALLADIUM VALLARTA CAJA NEW,PALLVALLPC01,YJ01VN75,LENOVO Neo 50q Gen 4,W11,I5-13420H,NVME 500 GB,16 GB SODIMM
PTO85,SOLARIS LIGHTHOUSE,SVR-MX25-GSL01,YJ02C0XJ,LENOVO Neo 50q Gen 4,W11,I5-13420H,NVME 500 GB,16 GB SODIMM 3200MHZ DDR4
PTO85,ROYAL SOLARIS LOS CABOS SERVIDOR,SVR-MX25-RSL01,F9P8ND4,DELL Pro Micro QCM1250,W11,i5-14500T,NVME 500 GB,16 GB SODIMM 5600MHZ DDR5
PTO85,ROYAL SOLARIS LOS CABOS CAJA 1,DSK-MX25-RSL02,YJ026PH2,LENOVO Neo 50q Gen 4,W11,i5-13420H,NVME 500 GB,16 GB SODIMM
PTOHSRD,H10 Ocean Blue Lobby,SVRMH10O,MJ0FF9ES,LENOVO M70q Desktop,W10,I5-10400T,NVME 500 GB,16 GB DRR4 SODIMM
PTOHSRD,H10 Ocean Blue Multi Caja 1,DOMH10BLUEC1,MJ0FG3CK,LENOVO M70q Desktop,W11,I5-10400T,NVME 500 GB,8 GB DRR4 SODIMM
PTOHSRD,H10 Ocean Blue Lobby Caja 2,DOMH10BLUEC2,MJ0FF9E0,LENOVO M70q Desktop,W10,I5-10400T,SSD 500 GB,16 GB DRR4 SODIMM
PTOHSRD,H10 OCEAN BLUE PLAYA SERVIDOR,SVR-RD25-HPA01,MZ000Q4L,LENOVO IdeaCentre 3 07IRB8,W11,I5-14400,NVME 1 TB,16 GB DIMM
PTOHSRD,H10 Ocean Blue Riddim SERVIDOR,HORSVR,MJ0GHWQN,LENOVO M75q Gen 2,W10,RYZEN 5 PRO 4650GE,250 GB,8 GB
PTOHSRD,H10 EL FARO SERVIDOR,SVRMHFA,MJ0FF9EV,LENOVO M70q Desktop,W10,I5-10400T,NVME 500 GB,8 GB DRR4 SODIMM
PTOHSRD,H10 EL FARO CAJA 1,DOMH10FARMC1,,,,,,
PTOHSRD,H10 EL FARO CAJA 2,DOMH10FARMC2,498BPK3,DELL OptiPlex 7090,W11,I5-10505,SSD 500 GB,8 GB DIMM
PTOHSRD,PALLADIUM PALACE MULTI SERVIDOR,SVRPLDPCPAL,1YNGJ13,DELL OptiPlex 7070 Micro,W10,I5-9500T,SSD 500 GB,16 GB DRR4 SODIMM
PTOHSRD,PALLADIUM PALACE MULTI CAJA,DOMPLDPCPALMC1,MJ02N06F,LENOVO M83,W10,I5-4460,HDD 500 GB,8 GB DDR3 DIMM
PTOHSRD,PALLADIUM PALACE MULTI ALMACEN,DOMPLDPCPALALM,,,W10,I5-4460,HDD 500 GB,8 GB DDR3 DIMM
PTOHSRD,PALLADIUM BAVARO AMIANI SERVIDOR,SVRPLDPCBAV,,,,,,
PTOHSRD,PALLADIUM PALACE ALMACEN,,,,,,,
PTOHSRD,PALLADIUM BAVARO MULTI SERVER,SVRPLDPCAMI,,,,,,
PTOHSRD,PALLADIUM BAVARO M1,Pallbavmultic1,,,,,,
PTOHSRD,PALLADIUM BAVARO ALMACEN,,,,,,,
PTOHSRD,PALLADIUM BAVARO ALBERCA PLAYA,SVR-RD25-PPA,YJ026PB0,Lenovo ThinkCentre Neo 50Q Gen 4,W11,i5-13420H,NVME 500 GB,16 GB SODIMM
PTOHSRD,PRINCESS BAVARO MULTI SERVER NUEVO,SVRPRINBAVMUL,MJ0KWNAR,LENOVO IdeaCentre Mini 01IRH8,W11,I5-13500H,NVME 500 GB,16 GB DRR4 SODIMM
PTOHSRD,PRINCESS BAVARO RD MULTI caja1 (ANTES RIDDIM),DOMPRNBV0TC2,MJ0GHWQY,LENOVO M75q Gen 2,W11,AMD Ryzen 5 PRO 4650GE,240 SSD,8 GB SODIMM
PTOHSRD,PRINCESS BAVARO RD MULTI caja 1,DOMPRNBAVMC1,,,,,,
PTOHSRD,PRINCESS BAVARO RD MULTI caja 2,DOMPRNBAVMC2,MJ0FG3CM,LENOVO M70q,W11,I5-10400T,NVME 500 GB,8 GB SODIMM
PTOHSRD,PRINCESS BAVARO RD JOY,DOMPRNBAVMJOYC1,8FQCLM3,DELL OptiPlex 7090,W11,I5-10505,NVME 250 GB,8 GB DIMM
PTOHSRD,PRINCESS BAVARO RIDDIM SERVIDOR,DOMPRNBVORSVR,MZ004RZF,LENOVO IdeaCentre 3 07IRB8,W11,I5-14400,NVME 1 TB,16 GB DIMM
PTOHSRD,PRINCESS BAVARO RD RIDDIM,DOMPRNBV0TC1,BGSM8X2,DELL OptiPlex 3060 Micro,W11,I5-8400T,HDD 1 TB,8 GB SODIMM
PTOHSRD,PRINCESS BAVARO RD PLAYA PIER27 SVR,SVRPRINBAVPYA,B3PQ9W2,DELL OptiPlex 3060 Micro,W10,I5-8400T,SSD 500 GB,8 GB SODIMM
PTOHSRD,PALLADIUM BAVARO ALMACEN,,,,,,,
PTOHSRD,ROYALTON BAVARO BOARDWALK Servidor,SVRRYTBVB,J4SJ5S3,DELL OptiPlex 7000 Small Form Factor,W11,I5-12500,NVME 500 GB,16 GB DIMM
PTOHSRD,Royalton Bavaro Boardwalk Caja,DOMROYBAVJC1,47SJ5S3,DELL OptiPlex 7000,W11,I5-12500,NVME 500 GB,
PTOHSRD,Royalton Bavaro CJ2 Pier27 Server,SVRRYTBVP27,G5SJ5S3,DELL OptiPlex 7000 Small,W11,I5-12500,NVME 500 GB,16 GB DIMM
PTOHSRD,HARD ROCK PC VIVA SERVIDOR,SVR-RD25-HRV01,J01ZK7A,Lenovo ThinkCentre Neo 50Q Gen 4,W11,i5-13420H,NVME 500 GB,16 GB DIMM
PTOHSRD,HARD ROCK PC VIVA CAJA 1,DSK-RD25-HRV01,J01ZK5L,Lenovo ThinkCentre Neo 50Q Gen 4,W11,i5-13420H,NVME 500 GB,16 GB DIMM
PTOHSRD,HARD ROCK PC ALBERCA 1,SVR-RD25-HRA01,J01ZK42,Lenovo ThinkCentre Neo 50Q Gen 4,W11,i5-13420H,NVME 500 GB,16 GB DIMM
PTOHSRD,HARD ROCK PC ALBERCA 2,SVR-RD25-HRB01,YJ026PHN,Lenovo ThinkCentre Neo 50Q Gen 4,W11,i5-13420H,NVME 500 GB,16 GB DIMM
PTOHSRD,HARD ROCK PC ALBERCA 3,SVR-RD25-HRC01,YJ026PGM,Lenovo ThinkCentre Neo 50Q Gen 4,W11,i5-13420H,NVME 500 GB,16 GB DIMM
PTOHSRD,HARD ROCK PC SPLASH,SVR-RD25-HRS01,YJ026P5H,Lenovo ThinkCentre Neo 50Q Gen 4,W11,i5-13420H,NVME 500 GB,16 GB DIMM
PTOHSRD,HARD ROCK PC MULTI,SVR-RD25-HRM,YJ026PBS,Lenovo ThinkCentre Neo 50Q Gen 4,W11,i5-13420H,NVME 500 GB,16 GB DIMM
PTOHSRD,HARD ROCK PC MULTI CAJA 1,POS-RD25-HRM01,YJ026Q3W,Lenovo ThinkCentre Neo 50Q Gen 4,W11,i5-13420H,NVME 500 GB,16 GB DIMM
PTOHSRD,HARD ROCK PC MULTI CAJA 2,POS-RD25-HRM02,YJ026PFP,Lenovo ThinkCentre Neo 50Q Gen 4,W11,i5-13420H,NVME 500 GB,16 GB SODIMM
PTOHSRD,HARD ROCK PC BODEGA,ALM-RD25-HRL01,YJ026PSN,Lenovo ThinkCentre Neo 50Q Gen 4,W11,i5-13420H,NVME 500 GB,16 GB DIMM
PTOHSRD,MOON PALACE RD GOLF,SVR-RD26-PPR01,YJ0256WS,Lenovo ThinkCentre Neo 50Q Gen 4,W11,i5-13420H,NVME 500 GB,16 GB DIMM
PELTJAM,H10 JAMAICA (CORAL SPRINGS) SERVIDOR M02,SVRH10J,B4ST9W2,DELL OptiPlex 3060 Micro,W10,I5-8400T,SSD 500 GB,16 GB SODIMM
PELTJAM,H10 JAMAICA CAJA M03,JAMH10JAMTC2,B2PR9W2,DELL OptiPlex 3060 Micro,W11,I5-8400T,SSD 500 GB,8 GB SODIMM
PELTJAM,H10 JAMAICA CAJA M01,JAMH10TCJ1,B4XS9W2,DELL OptiPlex 3060 Micro,W11,I5-8400T,SSD 500 GB,8 GB SODIMM
PELTJAM,MOON PALACE GRAND JAMAICA SERVIDOR,SVRMOONJAM,7B4JRR2,DELLOptiPlex 3060 Micro,W10,I5-8500T,SSD 500 GB,16 GB SODIMM
PELTJAM,MOON PALACE CAJA NUEVA,MOONPALACECJ,8CC9242F2W,HP Pavilion All-in-One - 24-xa0032,W11,I5-9400T,NVME 500 GB,12 GB SODIMM
PELTJAM,MOON PALACE BODEGA,JAM-DCMB2,8CC9242F27,,W10,I5-9400T,SSD 500 GB,12 GB SODIMM
PELTJAM,RIU MONTEGO BAY MULTI,SVRRIUMONTEGO,71PGJ13,DELL OptiPlex 7070 Micro,W11,I5-9500T,SSD 500 GB,16 GB SODIMM
PELTJAM,RIU MONTEGO BAY MULTI CAJA,MontegoBayC2,JX86R23,DELL OptiPlex 7070 Micro,W11,I5-9500T,HD 1 TB,8 GB SODIMM
PELTJAM,RIU PALACE JAMAICA,SVRRIUPALACE,6Y86R23,DELL OptiPlex 7070 Micro,W11,I5-9500T,SSD 500 GB,16 GB SODIMM
PELTJAM,RIU OCHO RIOS SERVDOR,SVRRIUOCHORIOS,CLNZ833,DELL OptiPlex 7070 Micro,W11,I5-9500T,SSD 500 GB,16 GB SODIMM
PELTJAM,RIU OCHO RIOS CAJA,JAMRIU8RIOM01,6LNZ833,DELL OptiPlex 7070 Micro,W11,I5-9500T,SSD 500 GB,16 GB SODIMM
PELTJAM,RIU OCHO RIOS RECEPTOR,,,,,,,
PELTJAM,RIU REGGAE SERVIDOR,SVRRIUREGGAE,11PGJ13,DELL OptiPlex 7070 Micro,W11,I5-9500T,SSD 500 GB,16 GB SODIM
PELTJAM,RIU REGGAE CAJA,JAMRIURGEIC02,YJ01HESZ,LENOVO Neo 50q Gen 4,W11,I5-1342H,NVME 500 GB,16 GB SODIM
PELTJAM,RIU TROPICAL BAY MULTI,SVRRIUTROPICAL,DY86R23,DELL OptiPlex 7070 Micro,W10,I5-9500T,SSD 500 GB,16 GB SODIMM
PELTJAM,ROYALTON BLUE WATERS,SVRROYBW,BFCH0S2,DELL OptiPlex 3060 Micro,W11,I5-8400T,SDD 500 GB,16 GB SODIMM
PELTJAM,ROYALTON BLUE WATERS CAJA,JAMROYBWCJ2,8CC9242FWD,HP Pavilion All-in-One - 24-xa0032,W11,I5-9400T,NVME 500 GB,12 GB SODIMM
PELTJAM,ROYALTON NEGRIL SERVIDOR,SVRROYNEGRIL,MJ03VEGG,LENOVO M800,W10,I5-6400,SSD 500 GB,24 GB DIMM
PELTJAM,ROYALTON NEGRIL RECEPTOR,NegrilJamCj2,7B4DRR2,DELL OptiPlex 3060 Micro,W11,I5-8500T,SSD 500 GB,8 GB SODIMM
PELTJAM,ROYALTON NEGRIL CAJA,NegrilJamCj,MJ03V9LD,LENOVO M800,W10,I5-6400,HDD 3.6 TB,8 GB DIMM
PELTJAM,ROYALTON WHITE SANDS SERVIDOR,SVRROYWTESANDS,MJ02T02B,LENOVO M83,W10,I5-4460,SSD 500 GB,12 GB DDR3 DIMM
PELTJAM,ROYALTON WHITE SANDS CAJA,WhitesandsCj1,,,,,,
PELTJAM,RIU CLUB NEGRIL RIDDIM,SVRRIUCLUB,4Y86R23,DELL OptiPlex 7070 Micro,W11,I5-9500T,SSD 500 GB,16 GB SODIMM
PELTJAM,RIU CLUB NEGRIL RIDDIM CAJA,RIUCLUBRDDIMC1,YJ01PBEX,LENOVO Neo 50q Gen 4,W11,I5-1342H,NVME 500 GB,16 GB SODIMM
PELTJAM,RIU CLUB NEGRIL BOARDWALK,SVRRCLNBOW,B34W9W2,DELL OptiPlex 3060 Micro,W10,I5-8400T,SSD 500 GB,16 GB SODIMM
PELTJAM,RECEPTOR CLUB NEGRIL,,,,,,,
PELTJAM,Riu Club Negril Almacen (JAMRICNGLALM),JAMRICNGLALM,,,,,,
PELTJAM,CEDIS Montego Bay Jamaica,AM-DCMB2,,,,,,
PELTJAM,RIU AQUARELLE AMIANI,JAMRIUAQUAMI,2D7S704,DELL OptiPlex Micro 7010,W11,I5-13500T,NVME 500 GB,16 GB SODIMM
PELTJAM,RIU AQUARELLE PIER27,JAMRIUAQUPIE,2JRTG04,DELL OptiPlex Micro 7010,W11,I5-13500T,SSD 500 GB,16 GB SODIMM
PELTJAM,RIU AQUARELLE PIER27 CAJA 1,JAMRIUAQUTC1,1LFZG04,DELL OptiPlex Micro 7010,W11,I5-13500T,NVME 500 GB,16 GB SODIMM
PELTJAM,PRINCESS JAMAICA PIER27 LOBBY ADULTOS SERVIDOR (MULTI),JAMPRINCEPSVR,GQ8S704,DELL OptiPlex Micro 7010,W11,I5-13500T,NVME 500 GB,16 GB SODIMM
PELTJAM,PRINCESS JAMAICA PIER27 LOBBY ADULTOS CAJA,JAMPRINCEPC01,HDBKNZ3,DELL OptiPlex Micro 7010,W11,I5-13500T,NVME 500 GB,16 GB SODIMM
PELTJAM,PRINCESS JAMAICA PIER27 LOBBY FAMILIAR SERVIDOR,JAMPRINCEESVR,4CPNG04,DELL OptiPlex Micro 7010,W11,I5-13500T,NVME 500 GB,16 GB SODIMM
PELTJAM,PRINCESS JAMAICA PIER27 LOBBY FAMILIAR CAJA,JAMPRINCEEC01,,,,,,
PELTJAM,PRINCESS JAMAICA AMIANI SERVIDOR,JAMPRINCEASVR,1MHKNZ3,DELL OptiPlex Micro 7010,W11,I5-13500T,NVME 500 GB,16 GB SODIMM
PELTJAM,Natesha Young,JAM-AFERGUSONHP,---,---,--,---,---,---
PELTJAM,IBEROSTAR JAMAICA AMIANI SERVIDOR,SVR-JM25-IJA01,YJ01VN52,LENOVO Neo 50q Gen 4,W11,i5-13420H,NVME 500 GB,16 GB SODIMM
PELTJAM,IBEROSTAR JAMAICA MULTI SERVIDOR,SVR-JM25-IJM01,MZ01LF3S,Lenovo ThinkCentre M70q Gen 5,W11,i5-14400T,NVME 500 GB,16 GB DDR4 SODIMM
PELTJAM,IBEROSTAR JAMAICA MULTI CAJA,POS-JM25-IJM01,YJ01VMY8,Lenovo ThinkCentre neo 50q Gen 4,W11,i5-13420H,NVME 500 GB,16 GB DDR4 SODIMM
PELTJAM,IBEROSTAR JAMAICA PIER 27 SERVIDOR,SVR-JM25-IJP01,YJ01VN22,LENOVO Neo 50q Gen 4,W11,i5-13420H,NVME 500 GB,16 GB SODIMM
OHSGRLTD,ROYALTON GRENADA PIER27 SERVIDOR,SVRROYGRENADA,YJ01YBT9,LENOVO THINKCENTRE NEO 50Q GEN 4 12LM MINI CPU,W11,13th Gen Intel(R) Core(TM) i5-13420H (2.10 GHz),NVME 480 GB,16 GB DDR4 3200 MHz SODIMM
OHSGRLTD,ROYALTON VESSENCE BARBADOS SERVIDOR,SVR-BB26-RVB01,YJ02N27R,LENOVO THINKCENTRE NEO 50Q GEN 5,W11,Intel core i5 210h,NVME 512 GB,16 GB
OHSGRLTD,EQUIPO DE STOCK ROYALTON VESSENCE BARBADOS,NA,9FP8ND4,DELL PRO MICRO QCM1250,W11,Intel core i5-14500T,NVME 512 GB,16 GB
OHSXCD,ROYALTON STA LUCIA,SVRROYSTALUCIA,JGJQQP2,DELL OptiPlex 7050 Micro,W10,I5-7500T,SSD 500 GB,16 GB SODIMM
OHSXCD,ROYALTON STA LUCIA Caja 2 (M02),DESKTOP-TCG7RTG,JGKMQP2,DELL OptiPlex 7050 Micro,W10,I5-7500T,SSD 250 GB,8 GB SODIMM
OHSXCD,ROYALTON STA LUCIA Caja 3 (M01),HS-SERVER-PC,,,w7,corei5 6gen,HDD 500GB,8gb
OHSXCD,ROYALTON STA LUCIA AMIANI,StaLuciaCaja,MJ03VEFM,LENOVO M800,W10,I5-6400,HDD 500GB,8 GB DIMM
